<?xml version="1.0" encoding="utf-8"?>
<UANodeSet xmlns:xsd="http://www.w3.org/2001/XMLSchema" xmlns:xsi="http://www.w3.org/2001/XMLSchema-instance" LastModified="2018-02-09T00:00:00Z" xmlns="http://opcfoundation.org/UA/2011/03/UANodeSet.xsd">
  <Models>
    <Model ModelUri="http://opcfoundation.org/UA/" Version="1.04" PublicationDate="2016-12-31T00:00:00Z" />
  </Models>
   <Aliases>
    <Alias Alias="Boolean">i=1</Alias>
    <Alias Alias="SByte">i=2</Alias>
    <Alias Alias="Byte">i=3</Alias>
    <Alias Alias="Int16">i=4</Alias>
    <Alias Alias="UInt16">i=5</Alias>
    <Alias Alias="Int32">i=6</Alias>
    <Alias Alias="UInt32">i=7</Alias>
    <Alias Alias="Int64">i=8</Alias>
    <Alias Alias="UInt64">i=9</Alias>
    <Alias Alias="Float">i=10</Alias>
    <Alias Alias="Double">i=11</Alias>
    <Alias Alias="DateTime">i=13</Alias>
    <Alias Alias="String">i=12</Alias>
    <Alias Alias="ByteString">i=15</Alias>
    <Alias Alias="Guid">i=14</Alias>
    <Alias Alias="XmlElement">i=16</Alias>
    <Alias Alias="NodeId">i=17</Alias>
    <Alias Alias="ExpandedNodeId">i=18</Alias>
    <Alias Alias="QualifiedName">i=20</Alias>
    <Alias Alias="LocalizedText">i=21</Alias>
    <Alias Alias="StatusCode">i=19</Alias>
    <Alias Alias="Structure">i=22</Alias>
    <Alias Alias="Number">i=26</Alias>
    <Alias Alias="Integer">i=27</Alias>
    <Alias Alias="UInteger">i=28</Alias>
    <Alias Alias="HasComponent">i=47</Alias>
    <Alias Alias="HasProperty">i=46</Alias>
    <Alias Alias="Organizes">i=35</Alias>
    <Alias Alias="HasEventSource">i=36</Alias>
    <Alias Alias="HasNotifier">i=48</Alias>
    <Alias Alias="HasSubtype">i=45</Alias>
    <Alias Alias="HasTypeDefinition">i=40</Alias>
    <Alias Alias="HasModellingRule">i=37</Alias>
    <Alias Alias="HasEncoding">i=38</Alias>
    <Alias Alias="HasDescription">i=39</Alias>
  </Aliases>
  <UAVariableType NodeId="i=2365" BrowseName="DataItemType" ValueRank="-2">
    <DisplayName>DataItemType</DisplayName>
    <Description>A variable that contains live automation data.</Description>
    <References>
      <Reference ReferenceType="HasProperty">i=2366</Reference>
      <Reference ReferenceType="HasProperty">i=2367</Reference>
      <Reference ReferenceType="HasSubtype" IsForward="false">i=63</Reference>
    </References>
  </UAVariableType>
  <UAVariable NodeId="i=2366" BrowseName="Definition" ParentNodeId="i=2365" DataType="String">
    <DisplayName>Definition</DisplayName>
    <Description>A vendor-specific, human readable string that specifies how the value of this DataItem is calculated.</Description>
    <References>
      <Reference ReferenceType="HasTypeDefinition">i=68</Reference>
      <Reference ReferenceType="HasModellingRule">i=80</Reference>
      <Reference ReferenceType="HasProperty" IsForward="false">i=2365</Reference>
    </References>
  </UAVariable>
  <UAVariable NodeId="i=2367" BrowseName="ValuePrecision" ParentNodeId="i=2365" DataType="Double">
    <DisplayName>ValuePrecision</DisplayName>
    <Description>The maximum precision that the server can maintain for the item based on restrictions in the target environment.</Description>
    <References>
      <Reference ReferenceType="HasTypeDefinition">i=68</Reference>
      <Reference ReferenceType="HasModellingRule">i=80</Reference>
      <Reference ReferenceType="HasProperty" IsForward="false">i=2365</Reference>
    </References>
  </UAVariable>
  <UAVariableType NodeId="i=2368" BrowseName="AnalogItemType" DataType="Number" ValueRank="-2">
    <DisplayName>AnalogItemType</DisplayName>
    <References>
      <Reference ReferenceType="HasProperty">i=2370</Reference>
      <Reference ReferenceType="HasProperty">i=2369</Reference>
      <Reference ReferenceType="HasProperty">i=2371</Reference>
      <Reference ReferenceType="HasSubtype" IsForward="false">i=2365</Reference>
    </References>
  </UAVariableType>
  <UAVariable NodeId="i=2370" BrowseName="InstrumentRange" ParentNodeId="i=2368" DataType="i=884">
    <DisplayName>InstrumentRange</DisplayName>
    <References>
      <Reference ReferenceType="HasTypeDefinition">i=68</Reference>
      <Reference ReferenceType="HasModellingRule">i=80</Reference>
      <Reference ReferenceType="HasProperty" IsForward="false">i=2368</Reference>
    </References>
  </UAVariable>
  <UAVariable NodeId="i=2369" BrowseName="EURange" ParentNodeId="i=2368" DataType="i=884" UserAccessLevel="3" AccessLevel="3">
    <DisplayName>EURange</DisplayName>
    <References>
      <Reference ReferenceType="HasTypeDefinition">i=68</Reference>
      <Reference ReferenceType="HasModellingRule">i=78</Reference>
      <Reference ReferenceType="HasProperty" IsForward="false">i=2368</Reference>
    </References>
  </UAVariable>
  <UAVariable NodeId="i=2371" BrowseName="EngineeringUnits" ParentNodeId="i=2368" DataType="i=887">
    <DisplayName>EngineeringUnits</DisplayName>
    <References>
      <Reference ReferenceType="HasTypeDefinition">i=68</Reference>
      <Reference ReferenceType="HasModellingRule">i=80</Reference>
      <Reference ReferenceType="HasProperty" IsForward="false">i=2368</Reference>
    </References>
  </UAVariable>
  <UAVariableType NodeId="i=2372" BrowseName="DiscreteItemType" IsAbstract="true" ValueRank="-2">
    <DisplayName>DiscreteItemType</DisplayName>
    <References>
      <Reference ReferenceType="HasSubtype" IsForward="false">i=2365</Reference>
    </References>
  </UAVariableType>
  <UAVariableType NodeId="i=2373" BrowseName="TwoStateDiscreteType" DataType="Boolean" ValueRank="-2">
    <DisplayName>TwoStateDiscreteType</DisplayName>
    <References>
      <Reference ReferenceType="HasProperty">i=2374</Reference>
      <Reference ReferenceType="HasProperty">i=2375</Reference>
      <Reference ReferenceType="HasSubtype" IsForward="false">i=2372</Reference>
    </References>
  </UAVariableType>
  <UAVariable NodeId="i=2374" BrowseName="FalseState" ParentNodeId="i=2373" DataType="LocalizedText">
    <DisplayName>FalseState</DisplayName>
    <References>
      <Reference ReferenceType="HasTypeDefinition">i=68</Reference>
      <Reference ReferenceType="HasModellingRule">i=78</Reference>
      <Reference ReferenceType="HasProperty" IsForward="false">i=2373</Reference>
    </References>
  </UAVariable>
  <UAVariable NodeId="i=2375" BrowseName="TrueState" ParentNodeId="i=2373" DataType="LocalizedText">
    <DisplayName>TrueState</DisplayName>
    <References>
      <Reference ReferenceType="HasTypeDefinition">i=68</Reference>
      <Reference ReferenceType="HasModellingRule">i=78</Reference>
      <Reference ReferenceType="HasProperty" IsForward="false">i=2373</Reference>
    </References>
  </UAVariable>
  <UAVariableType NodeId="i=2376" BrowseName="MultiStateDiscreteType" DataType="UInteger" ValueRank="-2">
    <DisplayName>MultiStateDiscreteType</DisplayName>
    <References>
      <Reference ReferenceType="HasProperty">i=2377</Reference>
      <Reference ReferenceType="HasSubtype" IsForward="false">i=2372</Reference>
    </References>
  </UAVariableType>
  <UAVariable NodeId="i=2377" BrowseName="EnumStrings" ParentNodeId="i=2376" DataType="LocalizedText" ValueRank="1">
    <DisplayName>EnumStrings</DisplayName>
    <References>
      <Reference ReferenceType="HasTypeDefinition">i=68</Reference>
      <Reference ReferenceType="HasModellingRule">i=78</Reference>
      <Reference ReferenceType="HasProperty" IsForward="false">i=2376</Reference>
    </References>
  </UAVariable>
  <UAVariableType NodeId="i=11238" BrowseName="MultiStateValueDiscreteType" DataType="Number" ValueRank="-2">
    <DisplayName>MultiStateValueDiscreteType</DisplayName>
    <References>
      <Reference ReferenceType="HasProperty">i=11241</Reference>
      <Reference ReferenceType="HasProperty">i=11461</Reference>
      <Reference ReferenceType="HasSubtype" IsForward="false">i=2372</Reference>
    </References>
  </UAVariableType>
  <UAVariable NodeId="i=11241" BrowseName="EnumValues" ParentNodeId="i=11238" DataType="i=7594" ValueRank="1">
    <DisplayName>EnumValues</DisplayName>
    <References>
      <Reference ReferenceType="HasTypeDefinition">i=68</Reference>
      <Reference ReferenceType="HasModellingRule">i=78</Reference>
      <Reference ReferenceType="HasProperty" IsForward="false">i=11238</Reference>
    </References>
  </UAVariable>
  <UAVariable NodeId="i=11461" BrowseName="ValueAsText" ParentNodeId="i=11238" DataType="LocalizedText">
    <DisplayName>ValueAsText</DisplayName>
    <References>
      <Reference ReferenceType="HasTypeDefinition">i=68</Reference>
      <Reference ReferenceType="HasModellingRule">i=78</Reference>
      <Reference ReferenceType="HasProperty" IsForward="false">i=11238</Reference>
    </References>
  </UAVariable>
  <UADataType NodeId="i=884" BrowseName="Range">
    <DisplayName>Range</DisplayName>
    <References>
      <Reference ReferenceType="HasSubtype" IsForward="false">i=22</Reference>
    </References>
    <Definition Name="Range">
      <Field Name="Low" DataType="i=11" />
      <Field Name="High" DataType="i=11" />
    </Definition>
  </UADataType>
  <UADataType NodeId="i=887" BrowseName="EUInformation">
    <DisplayName>EUInformation</DisplayName>
    <References>
      <Reference ReferenceType="HasSubtype" IsForward="false">i=22</Reference>
    </References>
    <Definition Name="EUInformation">
      <Field Name="NamespaceUri" DataType="i=12" />
      <Field Name="UnitId" DataType="i=6" />
      <Field Name="DisplayName" DataType="i=21" />
      <Field Name="Description" DataType="i=21" />
    </Definition>
  </UADataType>
  <UADataType NodeId="i=12077" BrowseName="AxisScaleEnumeration">
    <DisplayName>AxisScaleEnumeration</DisplayName>
    <References>
      <Reference ReferenceType="HasProperty">i=12078</Reference>
      <Reference ReferenceType="HasSubtype" IsForward="false">i=29</Reference>
    </References>
    <Definition Name="AxisScaleEnumeration">
      <Field Name="Linear" Value="0" />
      <Field Name="Log" Value="1" />
      <Field Name="Ln" Value="2" />
    </Definition>
  </UADataType>
  <UAVariable NodeId="i=12078" BrowseName="EnumStrings" ParentNodeId="i=12077" DataType="LocalizedText" ValueRank="1">
    <DisplayName>EnumStrings</DisplayName>
    <References>
      <Reference ReferenceType="HasTypeDefinition">i=68</Reference>
      <Reference ReferenceType="HasModellingRule">i=78</Reference>
      <Reference ReferenceType="HasProperty" IsForward="false">i=12077</Reference>
    </References>
    <Value>
      <ListOfLocalizedText xmlns="http://opcfoundation.org/UA/2008/02/Types.xsd">
        <LocalizedText>
          <Locale>
          </Locale>
          <Text>Linear</Text>
        </LocalizedText>
        <LocalizedText>
          <Locale>
          </Locale>
          <Text>Log</Text>
        </LocalizedText>
        <LocalizedText>
          <Locale>
          </Locale>
          <Text>Ln</Text>
        </LocalizedText>
      </ListOfLocalizedText>
    </Value>
  </UAVariable>
  <UAObject NodeId="i=15375" BrowseName="Default JSON" SymbolicName="DefaultJson">
    <DisplayName>Default JSON</DisplayName>
    <References>
      <Reference ReferenceType="HasEncoding" IsForward="false">i=884</Reference>
      <Reference ReferenceType="HasTypeDefinition">i=76</Reference>
    </References>
  </UAObject>
  <UAObject NodeId="i=15376" BrowseName="Default JSON" SymbolicName="DefaultJson">
    <DisplayName>Default JSON</DisplayName>
    <References>
      <Reference ReferenceType="HasEncoding" IsForward="false">i=887</Reference>
      <Reference ReferenceType="HasTypeDefinition">i=76</Reference>
    </References>
  </UAObject>
</UANodeSet>